Workbook

Sheet 請求確認_連携ファイル
A1: 請求確認_連携ファイル出力確認
B3: No. | C3: テストNo | D3: 共通フォーマットデータ
C4: 【テスト結果】 | D4: DNKA130S01001を以下に貼り付ける
B5: =B4+1 -> 1 | C5: No34,35,39 | D5: S5017087851****************************************************************************************************SA0544102100SA05441021#JPCA0102R1710101913000010114876000001171011706300901282 3040TSM2 A0001916 A1713201T000000005001531460000000000 ４ｔ車迄可パレット不／注ＮＯ．０５００１５３01092051481706201102000010 PS1 AT01G200CFEC Ｇ２００Ｃ ５００ｋｇフレコン 7621H6 A1713201 ニッポー 本社 17063017073131708311 10000000178000KG 200000000040000000000000000 00000000000000000000000000A1713201 ニッポー 本社 氷野２－３－７ 27 5740062072-870-8866072-870-7610170630 170630 新ＬＯＴ試験成績書添付／ＡＭ着希望 0000000000000 0910564156000010 0000000 00000030000000000000006000KG 00000030000000000000000000BAG 0000000500000000000053400000000005126400000000041011000000055365111 11 206291706290811754126900001 MC00 大東市 2017020001323100110 1 JPY 0910564156000010 631307
B6: =B5+1 -> 2 | C6: No34,35,39 | D6: S5017087841****************************************************************************************************SA0544102200SA05441022#JPCA0102R1710101913000010114876000001171011706300901282 3040TSM2 A0001916 A1713201T000000005001531480000000000 ４ｔ車迄可パレット不／注ＮＯ．０５００１５３01092051791706201105000010 PS2 AT03H350XFEC Ｈ３５０ ５００ｋｇフレコン 7614R3 A1713201 ニッポー 本社 17063017073131708311 10000000183000KG 200000000040000000000000000 00000000000000000000000000A1713201 ニッポー 本社 氷野２－３－７ 27 5740062072-870-8866072-870-7610170630 170630 新ＬＯＴ試験成績書添付／ＡＭ着希望 0000000000000 0910564157000010 0000000 00000010000000000000002000KG 00000010000000000000000000BAG 0000000500000000000018300000000001756800000000014054000000018973411 11 206291706290811754127900001 MC00 大東市 2017020001323200110 1 JPY 0910564157000010 631307
B7: =B6+1 -> 3 | C7: No34,35,39
B8: =B7+1 -> 4 | C8: No34,35,39
B9: =B8+1 -> 5 | C9: No34,35,39
B10: =B9+1 -> 6
B11: =B10+1 -> 7
B12: =B11+1 -> 8
B13: =B12+1 -> 9
B14: =B13+1 -> 10
B15: =B14+1 -> 11
B16: =B15+1 -> 12
B17: =B16+1 -> 13
B18: =B17+1 -> 14
B19: =B18+1 -> 15
B20: =B19+1 -> 16
B21: =B20+1 -> 17
... B46: =B45+1 -> 42

Sheet 請求確認_連携ファイル_項目分割
A1: 項目分割
C3: 開始位置 | D3: 1 | E3: =D4+D3 -> 11 | F3: =E4+E3 -> 12 | G3: =F4+F3 -> 112 | H3: =G4+G3 -> 122 | I3: =H4+H3 -> 123 | J3: =I4+I3 -> 124 | K3: =J4+J3 -> 134 | L3: =K4+K3 -> 4134
C4: 桁数 | D4: 10 | E4: 1 | F4: 100 | G4: 10 | H4: 1 | I4: 1 | J4: 10 | K4: 4000 | L4: 10
B5: No. | C5: テストNo | D5: 送信シーケンスNO | E5: 計上状況種別 | F5: エラーメッセージ(否認理由) | G5: 受信シーケンスNO_1 | H5: 送信データ削除区分 | I5: 削除区分 | J5: 受信シーケンスNO_2 | K5: 相手先別データ | L5: 処理受付番号
D6: SND_SEQ_NO | E6: KEIJO_JOKYO_SBT | F6: ERR_MSG_HININ_RIYU | G6: RCV_SEQ_NO_1 | H6: SND_DATA_DEL_KBN | I6: DEL_KBN | J6: RCV_SEQ_NO_2 | K6: AITE_SAKI_BETSU_DATA | L6: FUNC_UKETSUKE_NO
C7: =IF(請求確認_連携ファイル!C4="","",請求確認_連携ファイル!C4) -> 【テスト結果】
B8: =ROW()-6 -> 2 | C8: =IF(請求確認_連携ファイル!C5="","",請求確認_連携ファイル!C5) -> No34,35,39 | D8: =IF(請求確認_連携ファイル!$D5="","",MIDB(請求確認_連携ファイル!$D5,請求確認_連携ファイル_項目分割!D$3,請求確認_連携ファイル_項目分割!D$4)) -> S501708785 | E8: =IF(請求確認_連携ファイル!$D5="","",MIDB(請求確認_連携ファイル!$D5,請求確認_連携ファイル_項目分割!E$3,請求確認_連携ファイル_項目分割!E$4)) -> 1 | F8: =IF(請求確認_連携ファイル!$D5="","",MIDB(請求確認_連携ファイル!$D5,請求確認_連携ファイル_項目分割!F$3,請求確認_連携ファイル_項目分割!F$4)) -> **************************************************************************************************** | G8: =IF(請求確認_連携ファイル!$D5="","",MIDB(請求確認_連携ファイル!$D5,請求確認_連携ファイル_項目分割!G$3,請求確認_連携ファイル_項目分割!G$4)) -> SA05441021 | H8: =IF(請求確認_連携ファイル!$D5="","",MIDB(請求確認_連携ファイル!$D5,請求確認_連携ファイル_項目分割!H$3,請求確認_連携ファイル_項目分割!H$4)) -> 0 | I8: =IF(請求確認_連携ファイル!$D5="","",MIDB(請求確認_連携ファイル!$D5,請求確認_連携ファイル_項目分割!I$3,請求確認_連携ファイル_項目分割!I$4)) -> 0 | J8: =IF(請求確認_連携ファイル!$D5="","",MIDB(請求確認_連携ファイル!$D5,請求確認_連携ファイル_項目分割!J$3,請求確認_連携ファイル_項目分割!J$4)) -> SA05441021 | K8: =IF(請求確認_連携ファイル!$D5="","",MIDB(請求確認_連携ファイル!$D5,請求確認_連携ファイル_項目分割!K$3,請求確認_連携ファイル_項目分割!K$4)) -> #JPCA0102R1710101913000010114876000001171011706300901282 3040TSM2 A0001916 A1713201T000000005001531460000000000 ４ｔ車迄可パレット不／注ＮＯ．０５００１５３01092051481706201102000010 PS1 AT01G200CFEC Ｇ２００Ｃ ５００ｋｇフレコン 7621H6 A1713201 ニッポー 本社 17063017073131708311 10000000178000KG 200000000040000000000000000 00000000000000000000000000A1713201 ニッポー 本社 氷野２－３－７ 27 5740062072-870-8866072-870-7610170630 170630 新ＬＯＴ試験成績書添付／ＡＭ着希望 0000000000000 0910564156000010 0000000 00000030000000000000006000KG 00000030000000000000000000BAG 0000000500000000000053400000000005126400000000041011000000055365111 11 206291706290811754126900001 MC00 大東市 2017020001323100110 1 JPY 0910564156000010 | L8: =IF(請求確認_連携ファイル!$D5="","",MIDB(請求確認_連携ファイル!$D5,請求確認_連携ファイル_項目分割!L$3,請求確認_連携ファイル_項目分割!L$4)) -> 631307
B9: =ROW()-6 -> 3 | C9: =IF(請求確認_連携ファイル!C6="","",請求確認_連携ファイル!C6) -> No34,35,39 | D9: =IF(請求確認_連携ファイル!$D6="","",MIDB(請求確認_連携ファイル!$D6,請求確認_連携ファイル_項目分割!D$3,請求確認_連携ファイル_項目分割!D$4)) -> S501708784 | E9: =IF(請求確認_連携ファイル!$D6="","",MIDB(請求確認_連携ファイル!$D6,請求確認_連携ファイル_項目分割!E$3,請求確認_連携ファイル_項目分割!E$4)) -> 1 | F9: =IF(請求確認_連携ファイル!$D6="","",MIDB(請求確認_連携ファイル!$D6,請求確認_連携ファイル_項目分割!F$3,請求確認_連携ファイル_項目分割!F$4)) -> **************************************************************************************************** | G9: =IF(請求確認_連携ファイル!$D6="","",MIDB(請求確認_連携ファイル!$D6,請求確認_連携ファイル_項目分割!G$3,請求確認_連携ファイル_項目分割!G$4)) -> SA05441022 | H9: =IF(請求確認_連携ファイル!$D6="","",MIDB(請求確認_連携ファイル!$D6,請求確認_連携ファイル_項目分割!H$3,請求確認_連携ファイル_項目分割!H$4)) -> 0 | I9: =IF(請求確認_連携ファイル!$D6="","",MIDB(請求確認_連携ファイル!$D6,請求確認_連携ファイル_項目分割!I$3,請求確認_連携ファイル_項目分割!I$4)) -> 0 | J9: =IF(請求確認_連携ファイル!$D6="","",MIDB(請求確認_連携ファイル!$D6,請求確認_連携ファイル_項目分割!J$3,請求確認_連携ファイル_項目分割!J$4)) -> SA05441022 | K9: =IF(請求確認_連携ファイル!$D6="","",MIDB(請求確認_連携ファイル!$D6,請求確認_連携ファイル_項目分割!K$3,請求確認_連携ファイル_項目分割!K$4)) -> #JPCA0102R1710101913000010114876000001171011706300901282 3040TSM2 A0001916 A1713201T000000005001531480000000000 ４ｔ車迄可パレット不／注ＮＯ．０５００１５３01092051791706201105000010 PS2 AT03H350XFEC Ｈ３５０ ５００ｋｇフレコン 7614R3 A1713201 ニッポー 本社 17063017073131708311 10000000183000KG 200000000040000000000000000 00000000000000000000000000A1713201 ニッポー 本社 氷野２－３－７ 27 5740062072-870-8866072-870-7610170630 170630 新ＬＯＴ試験成績書添付／ＡＭ着希望 0000000000000 0910564157000010 0000000 00000010000000000000002000KG 00000010000000000000000000BAG 0000000500000000000018300000000001756800000000014054000000018973411 11 206291706290811754127900001 MC00 大東市 2017020001323200110 1 JPY 0910564157000010 | L9: =IF(請求確認_連携ファイル!$D6="","",MIDB(請求確認_連携ファイル!$D6,請求確認_連携ファイル_項目分割!L$3,請求確認_連携ファイル_項目分割!L$4)) -> 631307
B10: =ROW()-6 -> 4 | C10: =IF(請求確認_連携ファイル!C7="","",請求確認_連携ファイル!C7) -> No34,35,39 | D10: =IF(請求確認_連携ファイル!$D7="","",MIDB(請求確認_連携ファイル!$D7,請求確認_連携ファイル_項目分割!D$3,請求確認_連携ファイル_項目分割!D$4)) | E10: =IF(請求確認_連携ファイル!$D7="","",MIDB(請求確認_連携ファイル!$D7,請求確認_連携ファイル_項目分割!E$3,請求確認_連携ファイル_項目分割!E$4)) | F10: =IF(請求確認_連携ファイル!$D7="","",MIDB(請求確認_連携ファイル!$D7,請求確認_連携ファイル_項目分割!F$3,請求確認_連携ファイル_項目分割!F$4)) | G10: =IF(請求確認_連携ファイル!$D7="","",MIDB(請求確認_連携ファイル!$D7,請求確認_連携ファイル_項目分割!G$3,請求確認_連携ファイル_項目分割!G$4)) | H10: =IF(請求確認_連携ファイル!$D7="","",MIDB(請求確認_連携ファイル!$D7,請求確認_連携ファイル_項目分割!H$3,請求確認_連携ファイル_項目分割!H$4)) | I10: =IF(請求確認_連携ファイル!$D7="","",MIDB(請求確認_連携ファイル!$D7,請求確認_連携ファイル_項目分割!I$3,請求確認_連携ファイル_項目分割!I$4)) | J10: =IF(請求確認_連携ファイル!$D7="","",MIDB(請求確認_連携ファイル!$D7,請求確認_連携ファイル_項目分割!J$3,請求確認_連携ファイル_項目分割!J$4)) | K10: =IF(請求確認_連携ファイル!$D7="","",MIDB(請求確認_連携ファイル!$D7,請求確認_連携ファイル_項目分割!K$3,請求確認_連携ファイル_項目分割!K$4)) | L10: =IF(請求確認_連携ファイル!$D7="","",MIDB(請求確認_連携ファイル!$D7,請求確認_連携ファイル_項目分割!L$3,請求確認_連携ファイル_項目分割!L$4))
B11: =ROW()-6 -> 5 | C11: =IF(請求確認_連携ファイル!C8="","",請求確認_連携ファイル!C8) -> No34,35,39 | D11: =IF(請求確認_連携ファイル!$D8="","",MIDB(請求確認_連携ファイル!$D8,請求確認_連携ファイル_項目分割!D$3,請求確認_連携ファイル_項目分割!D$4)) | E11: =IF(請求確認_連携ファイル!$D8="","",MIDB(請求確認_連携ファイル!$D8,請求確認_連携ファイル_項目分割!E$3,請求確認_連携ファイル_項目分割!E$4)) | F11: =IF(請求確認_連携ファイル!$D8="","",MIDB(請求確認_連携ファイル!$D8,請求確認_連携ファイル_項目分割!F$3,請求確認_連携ファイル_項目分割!F$4)) | G11: =IF(請求確認_連携ファイル!$D8="","",MIDB(請求確認_連携ファイル!$D8,請求確認_連携ファイル_項目分割!G$3,請求確認_連携ファイル_項目分割!G$4)) | H11: =IF(請求確認_連携ファイル!$D8="","",MIDB(請求確認_連携ファイル!$D8,請求確認_連携ファイル_項目分割!H$3,請求確認_連携ファイル_項目分割!H$4)) | I11: =IF(請求確認_連携ファイル!$D8="","",MIDB(請求確認_連携ファイル!$D8,請求確認_連携ファイル_項目分割!I$3,請求確認_連携ファイル_項目分割!I$4)) | J11: =IF(請求確認_連携ファイル!$D8="","",MIDB(請求確認_連携ファイル!$D8,請求確認_連携ファイル_項目分割!J$3,請求確認_連携ファイル_項目分割!J$4)) | K11: =IF(請求確認_連携ファイル!$D8="","",MIDB(請求確認_連携ファイル!$D8,請求確認_連携ファイル_項目分割!K$3,請求確認_連携ファイル_項目分割!K$4)) | L11: =IF(請求確認_連携ファイル!$D8="","",MIDB(請求確認_連携ファイル!$D8,請求確認_連携ファイル_項目分割!L$3,請求確認_連携ファイル_項目分割!L$4))
B12: =ROW()-6 -> 6 | C12: =IF(請求確認_連携ファイル!C9="","",請求確認_連携ファイル!C9) -> No34,35,39 | D12: =IF(請求確認_連携ファイル!$D9="","",MIDB(請求確認_連携ファイル!$D9,請求確認_連携ファイル_項目分割!D$3,請求確認_連携ファイル_項目分割!D$4)) | E12: =IF(請求確認_連携ファイル!$D9="","",MIDB(請求確認_連携ファイル!$D9,請求確認_連携ファイル_項目分割!E$3,請求確認_連携ファイル_項目分割!E$4)) | F12: =IF(請求確認_連携ファイル!$D9="","",MIDB(請求確認_連携ファイル!$D9,請求確認_連携ファイル_項目分割!F$3,請求確認_連携ファイル_項目分割!F$4)) | G12: =IF(請求確認_連携ファイル!$D9="","",MIDB(請求確認_連携ファイル!$D9,請求確認_連携ファイル_項目分割!G$3,請求確認_連携ファイル_項目分割!G$4)) | H12: =IF(請求確認_連携ファイル!$D9="","",MIDB(請求確認_連携ファイル!$D9,請求確認_連携ファイル_項目分割!H$3,請求確認_連携ファイル_項目分割!H$4)) | I12: =IF(請求確認_連携ファイル!$D9="","",MIDB(請求確認_連携ファイル!$D9,請求確認_連携ファイル_項目分割!I$3,請求確認_連携ファイル_項目分割!I$4)) | J12: =IF(請求確認_連携ファイル!$D9="","",MIDB(請求確認_連携ファイル!$D9,請求確認_連携ファイル_項目分割!J$3,請求確認_連携ファイル_項目分割!J$4)) | K12: =IF(請求確認_連携ファイル!$D9="","",MIDB(請求確認_連携ファイル!$D9,請求確認_連携ファイル_項目分割!K$3,請求確認_連携ファイル_項目分割!K$4)) | L12: =IF(請求確認_連携ファイル!$D9="","",MIDB(請求確認_連携ファイル!$D9,請求確認_連携ファイル_項目分割!L$3,請求確認_連携ファイル_項目分割!L$4))
B13: =ROW()-6 -> 7 | C13: =IF(請求確認_連携ファイル!C10="","",請求確認_連携ファイル!C10) | D13: =IF(請求確認_連携ファイル!$D10="","",MIDB(請求確認_連携ファイル!$D10,請求確認_連携ファイル_項目分割!D$3,請求確認_連携ファイル_項目分割!D$4)) | E13: =IF(請求確認_連携ファイル!$D10="","",MIDB(請求確認_連携ファイル!$D10,請求確認_連携ファイル_項目分割!E$3,請求確認_連携ファイル_項目分割!E$4)) | F13: =IF(請求確認_連携ファイル!$D10="","",MIDB(請求確認_連携ファイル!$D10,請求確認_連携ファイル_項目分割!F$3,請求確認_連携ファイル_項目分割!F$4)) | G13: =IF(請求確認_連携ファイル!$D10="","",MIDB(請求確認_連携ファイル!$D10,請求確認_連携ファイル_項目分割!G$3,請求確認_連携ファイル_項目分割!G$4)) | H13: =IF(請求確認_連携ファイル!$D10="","",MIDB(請求確認_連携ファイル!$D10,請求確認_連携ファイル_項目分割!H$3,請求確認_連携ファイル_項目分割!H$4)) | I13: =IF(請求確認_連携ファイル!$D10="","",MIDB(請求確認_連携ファイル!$D10,請求確認_連携ファイル_項目分割!I$3,請求確認_連携ファイル_項目分割!I$4)) | J13: =IF(請求確認_連携ファイル!$D10="","",MIDB(請求確認_連携ファイル!$D10,請求確認_連携ファイル_項目分割!J$3,請求確認_連携ファイル_項目分割!J$4)) | K13: =IF(請求確認_連携ファイル!$D10="","",MIDB(請求確認_連携ファイル!$D10,請求確認_連携ファイル_項目分割!K$3,請求確認_連携ファイル_項目分割!K$4)) | L13: =IF(請求確認_連携ファイル!$D10="","",MIDB(請求確認_連携ファイル!$D10,請求確認_連携ファイル_項目分割!L$3,請求確認_連携ファイル_項目分割!L$4))
B14: =ROW()-6 -> 8 | C14: =IF(請求確認_連携ファイル!C11="","",請求確認_連携ファイル!C11) | D14: =IF(請求確認_連携ファイル!$D11="","",MIDB(請求確認_連携ファイル!$D11,請求確認_連携ファイル_項目分割!D$3,請求確認_連携ファイル_項目分割!D$4)) | E14: =IF(請求確認_連携ファイル!$D11="","",MIDB(請求確認_連携ファイル!$D11,請求確認_連携ファイル_項目分割!E$3,請求確認_連携ファイル_項目分割!E$4)) | F14: =IF(請求確認_連携ファイル!$D11="","",MIDB(請求確認_連携ファイル!$D11,請求確認_連携ファイル_項目分割!F$3,請求確認_連携ファイル_項目分割!F$4)) | G14: =IF(請求確認_連携ファイル!$D11="","",MIDB(請求確認_連携ファイル!$D11,請求確認_連携ファイル_項目分割!G$3,請求確認_連携ファイル_項目分割!G$4)) | H14: =IF(請求確認_連携ファイル!$D11="","",MIDB(請求確認_連携ファイル!$D11,請求確認_連携ファイル_項目分割!H$3,請求確認_連携ファイル_項目分割!H$4)) | I14: =IF(請求確認_連携ファイル!$D11="","",MIDB(請求確認_連携ファイル!$D11,請求確認_連携ファイル_項目分割!I$3,請求確認_連携ファイル_項目分割!I$4)) | J14: =IF(請求確認_連携ファイル!$D11="","",MIDB(請求確認_連携ファイル!$D11,請求確認_連携ファイル_項目分割!J$3,請求確認_連携ファイル_項目分割!J$4)) | K14: =IF(請求確認_連携ファイル!$D11="","",MIDB(請求確認_連携ファイル!$D11,請求確認_連携ファイル_項目分割!K$3,請求確認_連携ファイル_項目分割!K$4)) | L14: =IF(請求確認_連携ファイル!$D11="","",MIDB(請求確認_連携ファイル!$D11,請求確認_連携ファイル_項目分割!L$3,請求確認_連携ファイル_項目分割!L$4))
B15: =ROW()-6 -> 9 | C15: =IF(請求確認_連携ファイル!C12="","",請求確認_連携ファイル!C12) | D15: =IF(請求確認_連携ファイル!$D12="","",MIDB(請求確認_連携ファイル!$D12,請求確認_連携ファイル_項目分割!D$3,請求確認_連携ファイル_項目分割!D$4)) | E15: =IF(請求確認_連携ファイル!$D12="","",MIDB(請求確認_連携ファイル!$D12,請求確認_連携ファイル_項目分割!E$3,請求確認_連携ファイル_項目分割!E$4)) | F15: =IF(請求確認_連携ファイル!$D12="","",MIDB(請求確認_連携ファイル!$D12,請求確認_連携ファイル_項目分割!F$3,請求確認_連携ファイル_項目分割!F$4)) | G15: =IF(請求確認_連携ファイル!$D12="","",MIDB(請求確認_連携ファイル!$D12,請求確認_連携ファイル_項目分割!G$3,請求確認_連携ファイル_項目分割!G$4)) | H15: =IF(請求確認_連携ファイル!$D12="","",MIDB(請求確認_連携ファイル!$D12,請求確認_連携ファイル_項目分割!H$3,請求確認_連携ファイル_項目分割!H$4)) | I15: =IF(請求確認_連携ファイル!$D12="","",MIDB(請求確認_連携ファイル!$D12,請求確認_連携ファイル_項目分割!I$3,請求確認_連携ファイル_項目分割!I$4)) | J15: =IF(請求確認_連携ファイル!$D12="","",MIDB(請求確認_連携ファイル!$D12,請求確認_連携ファイル_項目分割!J$3,請求確認_連携ファイル_項目分割!J$4)) | K15: =IF(請求確認_連携ファイル!$D12="","",MIDB(請求確認_連携ファイル!$D12,請求確認_連携ファイル_項目分割!K$3,請求確認_連携ファイル_項目分割!K$4)) | L15: =IF(請求確認_連携ファイル!$D12="","",MIDB(請求確認_連携ファイル!$D12,請求確認_連携ファイル_項目分割!L$3,請求確認_連携ファイル_項目分割!L$4))
B16: =ROW()-6 -> 10 | C16: =IF(請求確認_連携ファイル!C13="","",請求確認_連携ファイル!C13) | D16: =IF(請求確認_連携ファイル!$D13="","",MIDB(請求確認_連携ファイル!$D13,請求確認_連携ファイル_項目分割!D$3,請求確認_連携ファイル_項目分割!D$4)) | E16: =IF(請求確認_連携ファイル!$D13="","",MIDB(請求確認_連携ファイル!$D13,請求確認_連携ファイル_項目分割!E$3,請求確認_連携ファイル_項目分割!E$4)) | F16: =IF(請求確認_連携ファイル!$D13="","",MIDB(請求確認_連携ファイル!$D13,請求確認_連携ファイル_項目分割!F$3,請求確認_連携ファイル_項目分割!F$4)) | G16: =IF(請求確認_連携ファイル!$D13="","",MIDB(請求確認_連携ファイル!$D13,請求確認_連携ファイル_項目分割!G$3,請求確認_連携ファイル_項目分割!G$4)) | H16: =IF(請求確認_連携ファイル!$D13="","",MIDB(請求確認_連携ファイル!$D13,請求確認_連携ファイル_項目分割!H$3,請求確認_連携ファイル_項目分割!H$4)) | I16: =IF(請求確認_連携ファイル!$D13="","",MIDB(請求確認_連携ファイル!$D13,請求確認_連携ファイル_項目分割!I$3,請求確認_連携ファイル_項目分割!I$4)) | J16: =IF(請求確認_連携ファイル!$D13="","",MIDB(請求確認_連携ファイル!$D13,請求確認_連携ファイル_項目分割!J$3,請求確認_連携ファイル_項目分割!J$4)) | K16: =IF(請求確認_連携ファイル!$D13="","",MIDB(請求確認_連携ファイル!$D13,請求確認_連携ファイル_項目分割!K$3,請求確認_連携ファイル_項目分割!K$4)) | L16: =IF(請求確認_連携ファイル!$D13="","",MIDB(請求確認_連携ファイル!$D13,請求確認_連携ファイル_項目分割!L$3,請求確認_連携ファイル_項目分割!L$4))
B17: =ROW()-6 -> 11 | C17: =IF(請求確認_連携ファイル!C14="","",請求確認_連携ファイル!C14) | D17: =IF(請求確認_連携ファイル!$D14="","",MIDB(請求確認_連携ファイル!$D14,請求確認_連携ファイル_項目分割!D$3,請求確認_連携ファイル_項目分割!D$4)) | E17: =IF(請求確認_連携ファイル!$D14="","",MIDB(請求確認_連携ファイル!$D14,請求確認_連携ファイル_項目分割!E$3,請求確認_連携ファイル_項目分割!E$4)) | F17: =IF(請求確認_連携ファイル!$D14="","",MIDB(請求確認_連携ファイル!$D14,請求確認_連携ファイル_項目分割!F$3,請求確認_連携ファイル_項目分割!F$4)) | G17: =IF(請求確認_連携ファイル!$D14="","",MIDB(請求確認_連携ファイル!$D14,請求確認_連携ファイル_項目分割!G$3,請求確認_連携ファイル_項目分割!G$4)) | H17: =IF(請求確認_連携ファイル!$D14="","",MIDB(請求確認_連携ファイル!$D14,請求確認_連携ファイル_項目分割!H$3,請求確認_連携ファイル_項目分割!H$4)) | I17: =IF(請求確認_連携ファイル!$D14="","",MIDB(請求確認_連携ファイル!$D14,請求確認_連携ファイル_項目分割!I$3,請求確認_連携ファイル_項目分割!I$4)) | J17: =IF(請求確認_連携ファイル!$D14="","",MIDB(請求確認_連携ファイル!$D14,請求確認_連携ファイル_項目分割!J$3,請求確認_連携ファイル_項目分割!J$4)) | K17: =IF(請求確認_連携ファイル!$D14="","",MIDB(請求確認_連携ファイル!$D14,請求確認_連携ファイル_項目分割!K$3,請求確認_連携ファイル_項目分割!K$4)) | L17: =IF(請求確認_連携ファイル!$D14="","",MIDB(請求確認_連携ファイル!$D14,請求確認_連携ファイル_項目分割!L$3,請求確認_連携ファイル_項目分割!L$4))
B18: =ROW()-6 -> 12 | C18: =IF(請求確認_連携ファイル!C15="","",請求確認_連携ファイル!C15) | D18: =IF(請求確認_連携ファイル!$D15="","",MIDB(請求確認_連携ファイル!$D15,請求確認_連携ファイル_項目分割!D$3,請求確認_連携ファイル_項目分割!D$4)) | E18: =IF(請求確認_連携ファイル!$D15="","",MIDB(請求確認_連携ファイル!$D15,請求確認_連携ファイル_項目分割!E$3,請求確認_連携ファイル_項目分割!E$4)) | F18: =IF(請求確認_連携ファイル!$D15="","",MIDB(請求確認_連携ファイル!$D15,請求確認_連携ファイル_項目分割!F$3,請求確認_連携ファイル_項目分割!F$4)) | G18: =IF(請求確認_連携ファイル!$D15="","",MIDB(請求確認_連携ファイル!$D15,請求確認_連携ファイル_項目分割!G$3,請求確認_連携ファイル_項目分割!G$4)) | H18: =IF(請求確認_連携ファイル!$D15="","",MIDB(請求確認_連携ファイル!$D15,請求確認_連携ファイル_項目分割!H$3,請求確認_連携ファイル_項目分割!H$4)) | I18: =IF(請求確認_連携ファイル!$D15="","",MIDB(請求確認_連携ファイル!$D15,請求確認_連携ファイル_項目分割!I$3,請求確認_連携ファイル_項目分割!I$4)) | J18: =IF(請求確認_連携ファイル!$D15="","",MIDB(請求確認_連携ファイル!$D15,請求確認_連携ファイル_項目分割!J$3,請求確認_連携ファイル_項目分割!J$4)) | K18: =IF(請求確認_連携ファイル!$D15="","",MIDB(請求確認_連携ファイル!$D15,請求確認_連携ファイル_項目分割!K$3,請求確認_連携ファイル_項目分割!K$4)) | L18: =IF(請求確認_連携ファイル!$D15="","",MIDB(請求確認_連携ファイル!$D15,請求確認_連携ファイル_項目分割!L$3,請求確認_連携ファイル_項目分割!L$4))
B19: =ROW()-6 -> 13 | C19: =IF(請求確認_連携ファイル!C16="","",請求確認_連携ファイル!C16) | D19: =IF(請求確認_連携ファイル!$D16="","",MIDB(請求確認_連携ファイル!$D16,請求確認_連携ファイル_項目分割!D$3,請求確認_連携ファイル_項目分割!D$4)) | E19: =IF(請求確認_連携ファイル!$D16="","",MIDB(請求確認_連携ファイル!$D16,請求確認_連携ファイル_項目分割!E$3,請求確認_連携ファイル_項目分割!E$4)) | F19: =IF(請求確認_連携ファイル!$D16="","",MIDB(請求確認_連携ファイル!$D16,請求確認_連携ファイル_項目分割!F$3,請求確認_連携ファイル_項目分割!F$4)) | G19: =IF(請求確認_連携ファイル!$D16="","",MIDB(請求確認_連携ファイル!$D16,請求確認_連携ファイル_項目分割!G$3,請求確認_連携ファイル_項目分割!G$4)) | H19: =IF(請求確認_連携ファイル!$D16="","",MIDB(請求確認_連携ファイル!$D16,請求確認_連携ファイル_項目分割!H$3,請求確認_連携ファイル_項目分割!H$4)) | I19: =IF(請求確認_連携ファイル!$D16="","",MIDB(請求確認_連携ファイル!$D16,請求確認_連携ファイル_項目分割!I$3,請求確認_連携ファイル_項目分割!I$4)) | J19: =IF(請求確認_連携ファイル!$D16="","",MIDB(請求確認_連携ファイル!$D16,請求確認_連携ファイル_項目分割!J$3,請求確認_連携ファイル_項目分割!J$4)) | K19: =IF(請求確認_連携ファイル!$D16="","",MIDB(請求確認_連携ファイル!$D16,請求確認_連携ファイル_項目分割!K$3,請求確認_連携ファイル_項目分割!K$4)) | L19: =IF(請求確認_連携ファイル!$D16="","",MIDB(請求確認_連携ファイル!$D16,請求確認_連携ファイル_項目分割!L$3,請求確認_連携ファイル_項目分割!L$4))
... B49: =ROW()-6 -> 43 | C49: =IF(請求確認_連携ファイル!C46="","",請求確認_連携ファイル!C46) | D49: =IF(請求確認_連携ファイル!$D46="","",MIDB(請求確認_連携ファイル!$D46,請求確認_連携ファイル_項目分割!D$3,請求確認_連携ファイル_項目分割!D$4)) | E49: =IF(請求確認_連携ファイル!$D46="","",MIDB(請求確認_連携ファイル!$D46,請求確認_連携ファイル_項目分割!E$3,請求確認_連携ファイル_項目分割!E$4)) | F49: =IF(請求確認_連携ファイル!$D46="","",MIDB(請求確認_連携ファイル!$D46,請求確認_連携ファイル_項目分割!F$3,請求確認_連携ファイル_項目分割!F$4)) | G49: =IF(請求確認_連携ファイル!$D46="","",MIDB(請求確認_連携ファイル!$D46,請求確認_連携ファイル_項目分割!G$3,請求確認_連携ファイル_項目分割!G$4)) | H49: =IF(請求確認_連携ファイル!$D46="","",MIDB(請求確認_連携ファイル!$D46,請求確認_連携ファイル_項目分割!H$3,請求確認_連携ファイル_項目分割!H$4)) | I49: =IF(請求確認_連携ファイル!$D46="","",MIDB(請求確認_連携ファイル!$D46,請求確認_連携ファイル_項目分割!I$3,請求確認_連携ファイル_項目分割!I$4)) | J49: =IF(請求確認_連携ファイル!$D46="","",MIDB(請求確認_連携ファイル!$D46,請求確認_連携ファイル_項目分割!J$3,請求確認_連携ファイル_項目分割!J$4)) | K49: =IF(請求確認_連携ファイル!$D46="","",MIDB(請求確認_連携ファイル!$D46,請求確認_連携ファイル_項目分割!K$3,請求確認_連携ファイル_項目分割!K$4)) | L49: =IF(請求確認_連携ファイル!$D46="","",MIDB(請求確認_連携ファイル!$D46,請求確認_連携ファイル_項目分割!L$3,請求確認_連携ファイル_項目分割!L$4))
