Workbook
Name ＩＤ: #REF!
Name NULL: [1]項目定義一覧!#REF!
Name RI: [2]設定!$B$7:$B$9
Name riyu: [2]設定!$B$7:$B$9
Name RYZ: [2]設定!$B$7:$B$9
Name UD: #REF!
Name カテゴリ一覧: [3]カテゴリ!$M$6:$M$16
Name チェック: [1]項目定義一覧!#REF!
Name ﾃｰﾌﾞﾙID群: [1]項目定義一覧!#REF!
Name バッチ種別: myData!$A$2:$A$4
Name ファイル名: [1]項目定義一覧!#REF!
Name レベル: [4]リスト!$A$2:$A$3
Name レベル: [4]リスト!$A$2:$A$3
Name 移行元ﾌｧｲﾙＩＤ: [1]項目定義一覧!#REF!
Name 移行元項目ＩＤ: [1]項目定義一覧!#REF!
Name 一意: [1]項目定義一覧!#REF!
Name 確認区分: #REF!
Name 業務間連携: [2]設定!$C$7:$C$9
Name 区分: #REF!
Name 繰返: [5]リスト!$A$2:$A$4
Name 型: #REF!
Name 桁数１: #REF!
Name 桁数２: #REF!
Name 検索条件_グループ: #REF!
Name 検索条件_チーム: [6]回収予定表2!$G$7
Name 検索条件_営業担当者: [6]回収予定表2!$G$8
Name 検索条件_企業: #REF!
Name 検索条件_企業グループ: #REF!
Name 検索条件_月: [7]売上日計表照会2!$J$4
Name 検索条件_仕入先: #REF!
Name 検索条件_仕入先企業: #REF!
Name 検索条件_商品分類: #REF!
Name 検索条件_商品名: #REF!
Name 検索条件_年: [7]売上日計表照会2!$H$4
Name 検索条件_発注先: #REF!
Name 検索条件_発注先企業: #REF!
Name 検索条件_本支店: [6]回収予定表2!$G$5
Name 検索条件_本部: [6]回収予定表2!$G$4
Name 項番: #REF!
Name 項目名CK: [1]項目定義一覧!#REF!
Name 項目名称: #REF!
Name 質的分類: #REF!
Name 主キー: [1]項目定義一覧!#REF!
Name 処理サイクル: myData!$C$2:$C$8
Name 処理区分: [8]業務制御条件定義!$BO$18:$BO$24
Name 初期値: [1]項目定義一覧!#REF!
Name 抽出クラス: #REF!
Name 日本語: #REF!
Name 日本語名称: #REF!
Name 入力チェック: [2]設定!$A$7:$A$8
Name 備考: #REF!
Name 必須: [1]項目定義一覧!#REF!
Name 符号: #REF!
Name 物理名: #REF!
Name 本支店: [6]テーブル!$B$2:$B$5
Name 本支店2: [9]仕入先グロス_仮!$G$6
Name 本部: [6]テーブル!$A$2:$A$8
Name 本部1: [10]テーブル!$A$2:$A$8
Name 利用可否: #REF!
Name 利用可否1: [2]設定!$B$7:$B$9

Sheet 表紙
C2: 稲畑産業株式会社様
A8: EDIシステム
A10: ジョブフロー図(SPTA050C010)
A13: 機能名称：住化プラステック_発注データＣＩＩ変換
A17: - Ver.2.00 -
A22: 45784
A24: 富士通株式会社
V28: 承認 | AA28: 作成
AA29: 45784
AA30: FJ)カーマン

Sheet 変更履歴
A1: 稲畑産業 株式会社 | F1: ジョブフロー図 | T1: 取引先名 | AH1: 取引先略称ID | AS1: カテゴリ名 | BB1: 作成者 | BF1: 作成日 | BJ1: 更新者 | BN1: 更新日
T3: 住化プラステック | AH3: SPT | AS3: 発注 | BB3: FJ)カーマン | BF3: 45784
B7: № | D7: バージョン | H7: 変更日付 | L7: 変更者 | O7: 区分 | Q7: 変更管理番号 | U7: 変更箇所 | AF7: 変更内容 | AY7: 備考
B8: =ROW()-7 -> 1 | D8: 2.00 | H8: 45784 | L8: FJ)カーマン | O8: 新規 | Q8: R60795 | AF8: 新規作成 | AY8: EDIミドル移行対応
B9: =ROW()-7 -> 2
B10: =ROW()-7 -> 3
B11: =ROW()-7 -> 4
B12: =ROW()-7 -> 5
B13: =ROW()-7 -> 6
B14: =ROW()-7 -> 7
B15: =ROW()-7 -> 8
B16: =ROW()-7 -> 9
B17: =ROW()-7 -> 10
B18: =ROW()-7 -> 11
B19: =ROW()-7 -> 12
B20: =ROW()-7 -> 13
... B51: =ROW()-7 -> 44

Sheet ジョブフロー図
A1: 稲畑産業 株式会社 | G1: ジョブフロー図 | R1: 取引先名 | AA1: 取引先略称ID | AF1: カテゴリ名 | AK1: 作成者 | AO1: 作成日 | AS1: 更新者 | AW1: 更新日
R3: =変更履歴!T3 -> 住化プラステック | AA3: =変更履歴!AH3 -> SPT | AF3: =変更履歴!AS3 -> 発注 | AK3: =変更履歴!BB3 -> FJ)カーマン | AO3: =変更履歴!BF3 -> 45784
A6: ジョブID | G6: SPTA050C010 | AB6: バッチ種別 | AH6: オンライン中 | AP6: 処理サイクル | AV6: 随時
A7: ジョブ名 | G7: 住化プラステック_発注データＣＩＩ変換 | AB7: 特記事項
A9: ジョブ 処理概要 | E9: 送信ファイルを、EDI-Master Tran for CII（NTS）で | AI9: 返却値 | AL9: 「正常終了時：0」
E10: CII標準ファイルへ変換する。 | AL10: 「異常終了時：99」
A12: バッチ引数 | E12: なし
A13: パラメタファイルの設定内容
A14: NO | B14: パラメタファイル名 | L14: 変数名 | AA14: 内容 | AW14: 共通/個別
A15: =ROW()-14 -> 1
A16: =ROW()-14 -> 2
A17: =ROW()-14 -> 3
A18: ジョブフロー図 | AK18: 機能概要
AK20: 1.CII変換処理(住化プラステック_発注)
AL21: 送信ファイルをSJIS固定長テキストファイル
AL22: からCII標準ファイルに変換する。

Sheet myData
A1: バッチ種別 | C1: 処理サイクル
A3: オンライン中バッチ | C3: 随時
A4: 夜間バッチ | C4: 日次
C5: 週次
C6: 月次
C7: 年次
