Workbook

Sheet 支払_連携ファイル
A1: 支払_連携ファイル出力確認
B3: No. | C3: テストNo | D3: 共通フォーマットデータ
C4: 【テスト結果】 | D4: TUGA140S02001を以下に貼り付ける
B5: =B4+1 -> 1 | C5: No,34,35,39 | D5: S603132236000086A1400000860001 3 0005001ﾐﾂﾋﾞｼﾕ-ｴﾌｼﾞｴｲ ﾎﾝﾃﾝ 12288776116160 202507310SA10918929631843 0SA1091892914105105600 #JPCA0102R1710101913 504832 17101250509065525 1019130369C 504832FF0201504832FF02011019130369C 173931 000000B02BDC21012504090000 EM0091520100000000000000001 3001M B0400 M211204S PQL9A ■■・■■・■■■■ックス J518A 二葉産業 250531250731125073120E2M0E0000 10000000352000KG 1 00000000000000000000000000 00000000000000000000000000WD452 ■■・■■・■■■■ックス ■■■■■■■■■■５８－３ 11111111111-23-9095 0000000000 250508 0000000000000 0000000 00000003000000000000000000KG 00000003000000000000300000A25 0000000025000000000000000000000001056000000000010560000000011616011111 2505250424EM009152010101 SM05010301 1 631854
B6: =B5+1 -> 2 | C6: No,34,35,39 | D6: S603132237000086A1400000860001 3 0005001ﾐﾂﾋﾞｼﾕ-ｴﾌｼﾞｴｲ ﾎﾝﾃﾝ 12288776381700 202507310SA10918930631843 0SA1091893014105347000 #JPCA0102R1710101913 504832 17101250509065525 1019130369C 504832FF0201504832FF02011019130369C 180600 000000B02BDC29012504090000 EM0091530100000000000000001 SK20 450 U904305 PQL9A ■■・■■・■■■■ックス J518A 二葉産業 250531250731125073120E2M0E0000 10000000694000KG 1 00000000000000000000000000 00000000000000000000000000WD452 ■■・■■・■■■■ックス ■■■■■■■■■■５８－３ 11111111111-23-9095 0000000000 250508 0000000000000 0000000 00000005000000000000000000KG 00000005000000000000500000A25 0000000025000000000000000000000003470000000000034700000000038170011111 2505250430EM009153010101 SM05010301 1 631854
B7: =B6+1 -> 3 | C7: No,34,35,39 | D7: S603132238000086A1400000860001 3 0005001ﾐﾂﾋﾞｼﾕ-ｴﾌｼﾞｴｲ ﾎﾝﾃﾝ 12288776293150 202507310SA10918931631843 0SA1091893114702266500 #JPCA0102R1710101913 504832 17101250509065525 1019130369C 504832FF0201504832FF02011019130369C A006917061000000B02BEDF0012504160000 EM0099800100000000000000001 S411A 0100K FK04105D 8824H ■■■化成 250531250731125073120E2M0E0000 10000000410000KG 1 00000000000000000000000000 00000000000000000000000000WA528 ■■■化成 ■■■■■■■■■■河原１６３番地 11111111111-24-7651 0000000000 250508 0000000000000 0000000 00000006500000000000000000KG 00000006500000000000650000A25 0000000025000000000000000000000002665000000000026650000000029315011111 2505250507EM009980010101 SM05010301 1 631854
B8: =B7+1 -> 4 | C8: No,34,35,39 | D8: S603132239000086A1400000860001 3 0005001ﾐﾂﾋﾞｼﾕ-ｴﾌｼﾞｴｲ ﾎﾝﾃﾝ 12288776451000 202507310SA10918932631843 0SA1091893214702410000 #JPCA0102R1710101913 504832 17101250509065525 1019130369C 504832FF0201504832FF02011019130369C A006917054000000B02BF40A012504180000 EM0101870100000000000000001 S410A 0100K M602045S 8824H ■■■■ィ 250531250731125073120E2M0E0000 10000000410000KG 1 00000000000000000000000000 00000000000000000000000000WC927 ■■■■ィ ■■■■■■■■■■新田２１３１－１ 11111111111425-7444 0000000000 250508 0000000000000 0000000 00000010000000000000000000KG 00000010000000000001000000A25 0000000025000000000000000000000004100000000000041000000000045100011111 2505250424EM010187010101 SM05010301 1 631854
B9: =B8+1 -> 5 | C9: No,34,35,39 | D9: S603132240000086A1400000860001 3 0005001ﾐﾂﾋﾞｼﾕ-ｴﾌｼﾞｴｲ ﾎﾝﾃﾝ 12288776440000 202507310SA10918933631843 0SA1091893314702400000 #JPCA0102R1710101913 504832 17101250509065525 1019130369C 504832FF0201504832FF02011019130369C A006917087000000B02BF415012504180000 EM0101920100000000000000001 TM-20F 00000 M303145S 8824H ■■■■ィ 250531250731125073120E2M0E0000 10000000400000KG 1 00000000000000000000000000 00000000000000000000000000WC927 ■■■■ィ ■■■■■■■■■■新田２１３１－１ 11111111111425-7444 0000000000 250508 0000000000000 0000000 00000010000000000000000000KG 00000010000000000001000000A25 0000000025000000000000000000000004000000000000040000000000044000011111 2505250424EM010192010101 SM05010301 1 631854
B10: =B9+1 -> 6 | C10: No,34,35,39 | D10: S603132241000086A1400000860001 3 0005001ﾐﾂﾋﾞｼﾕ-ｴﾌｼﾞｴｲ ﾎﾝﾃﾝ 12288776115500 202507310SA10918934631843 0SA1091893414702105000 #JPCA0102R1710101913 504832 17101250509065525 1019130369C 504832FF0201504832FF02011019130369C A006917080000000B02BF41E012504180000 EM0101950100000000000000001 3001M 00000 M503175S 8824H ■サ■ 250531250731125073120E2M0E0000 10000000350000KG 1 00000000000000000000000000 00000000000000000000000000LN69A ■サ■ ■■■■■■■■■■－２ 11111111111226-5553 0000000000 250508 0000000000000 0000000 00000003000000000000000000KG 00000003000000000000300000A25 0000000025000000000000000000000001050000000000010500000000011550011111 2505250424EM010195010101 SM05010301 1 631854
B11: =B10+1 -> 7
B12: =B11+1 -> 8
B13: =B12+1 -> 9
B14: =B13+1 -> 10
B15: =B14+1 -> 11
B16: =B15+1 -> 12
B17: =B16+1 -> 13
B18: =B17+1 -> 14
B19: =B18+1 -> 15
B20: =B19+1 -> 16
B21: =B20+1 -> 17
B22: =B21+1 -> 18
... B46: =B45+1 -> 42

Sheet 支払_連携ファイル_項目分割
A1: 項目分割
C3: 開始位置 | D3: 1 | E3: 11 | F3: 17 | G3: 21 | H3: 35 | I3: 38 | J3: 46 | K3: 47 | L3: 48 | M3: 56 | N3: 64 | O3: 68 | P3: 71 | Q3: 111 | R3: 151 | S3: 152 | T3: 159 | U3: 172 | V3: 180 | W3: 181 | X3: 191 | Y3: 201 | Z3: 202 | AA3: 212 | AB3: 217 | AC3: 230 | AD3: 4230
C4: 桁数 | D4: 10 | E4: 6 | F4: 4 | G4: 14 | H4: 3 | I4: 8 | J4: 1 | K4: 1 | L4: 8 | M4: 8 | N4: 4 | O4: 3 | P4: 40 | Q4: 40 | R4: 1 | S4: 7 | T4: 13 | U4: 8 | V4: 1 | W4: 10 | X4: 10 | Y4: 1 | Z4: 10 | AA4: 5 | AB4: 13 | AC4: 4000 | AD4: 10
B5: No. | C5: テストNo | D5: 送信シーケンスNO | E5: データ交換ID | F5: EDI_機能カテゴリコード | G5: 仕入先コード | H5: 販区 | I5: 起算日 | J5: 金種 | K5: 本支店コード | L5: 締切年月日 | M5: 満期日 | N5: 銀行コード | O5: 支店コード | P5: 銀行名(カナ) | Q5: 支店名(カナ) | R5: 振込先口座種別 | S5: 振込先口座NO | T5: EDI_今回支払金額 | U5: 支払年月日 | V5: 送信データ削除区分 | W5: 受信シーケンスNO | X5: 処理受付番号 | Y5: 削除区分 | Z5: 受信シーケンスNO_2 | AA5: 確定仕入責任組織コード(旧) | AB5: JPCA_EDI請求金額 | AC5: 相手先別データ | AD5: 処理受付番号
D6: SND_SEQ_NO | E6: DATA_KOKAN_ID | F6: EDI_KINO_CATEGORY_CD | G6: SUP_CD | H6: HAN_KBN | I6: KISAN_D | J6: KINSHU | K6: HONSHITEN_CD | L6: SHIMEKIRI_YMD | M6: MANKI_D | N6: BANK_CD | O6: SHITEN_CD | P6: BANK_NMK | Q6: SHITEN_NMK | R6: FURIKOMI_KOZA_SBT | S6: FURIKOMI_KOZA_NO | T6: EDI_KONKAI_PAY_GAKU | U6: PAY_YMD | V6: SND_DATA_DEL_KBN | W6: RCV_SEQ_NO | X6: FUNC_UKETSUKE_NO | Y6: DEL_KBN | Z6: RCV_SEQ_NO_2 | AA6: CONFIRM_SIR_SKNIN_SSHK_CD_OLD | AB6: JPCA_EDI_SEIKYU_GAKU | AC6: AITE_SAKI_BETSU_DATA | AD6: FUNC_UKETSUKE_NO_2
C7: =IF(支払_連携ファイル!C4="","",支払_連携ファイル!C4) -> 【テスト結果】 | D7: =IF(支払_連携ファイル!D4="","",支払_連携ファイル!D4) -> TUGA140S02001を以下に貼り付ける
B8: =ROW()-6 -> 2 | C8: =IF(支払_連携ファイル!C5="","",支払_連携ファイル!C5) -> No,34,35,39 | D8: =IF(支払_連携ファイル!$D5="","",MIDB(支払_連携ファイル!$D5,支払_連携ファイル_項目分割!D$3,支払_連携ファイル_項目分割!D$4)) -> S603132236 | E8: =IF(支払_連携ファイル!$D5="","",MIDB(支払_連携ファイル!$D5,支払_連携ファイル_項目分割!E$3,支払_連携ファイル_項目分割!E$4)) -> 000086 | F8: =IF(支払_連携ファイル!$D5="","",MIDB(支払_連携ファイル!$D5,支払_連携ファイル_項目分割!F$3,支払_連携ファイル_項目分割!F$4)) -> A140 | G8: =IF(支払_連携ファイル!$D5="","",MIDB(支払_連携ファイル!$D5,支払_連携ファイル_項目分割!G$3,支払_連携ファイル_項目分割!G$4)) -> 0000860001 | H8: =IF(支払_連携ファイル!$D5="","",MIDB(支払_連携ファイル!$D5,支払_連携ファイル_項目分割!H$3,支払_連携ファイル_項目分割!H$4)) | I8: =IF(支払_連携ファイル!$D5="","",MIDB(支払_連携ファイル!$D5,支払_連携ファイル_項目分割!I$3,支払_連携ファイル_項目分割!I$4)) | J8: =IF(支払_連携ファイル!$D5="","",MIDB(支払_連携ファイル!$D5,支払_連携ファイル_項目分割!J$3,支払_連携ファイル_項目分割!J$4)) | K8: =IF(支払_連携ファイル!$D5="","",MIDB(支払_連携ファイル!$D5,支払_連携ファイル_項目分割!K$3,支払_連携ファイル_項目分割!K$4)) -> 3 | ... AD8: =IF(支払_連携ファイル!$D5="","",MIDB(支払_連携ファイル!$D5,支払_連携ファイル_項目分割!AD$3,支払_連携ファイル_項目分割!AD$4)) -> 631854
B9: =ROW()-6 -> 3 | C9: =IF(支払_連携ファイル!C6="","",支払_連携ファイル!C6) -> No,34,35,39 | D9: =IF(支払_連携ファイル!$D6="","",MIDB(支払_連携ファイル!$D6,支払_連携ファイル_項目分割!D$3,支払_連携ファイル_項目分割!D$4)) -> S603132237 | E9: =IF(支払_連携ファイル!$D6="","",MIDB(支払_連携ファイル!$D6,支払_連携ファイル_項目分割!E$3,支払_連携ファイル_項目分割!E$4)) -> 000086 | F9: =IF(支払_連携ファイル!$D6="","",MIDB(支払_連携ファイル!$D6,支払_連携ファイル_項目分割!F$3,支払_連携ファイル_項目分割!F$4)) -> A140 | G9: =IF(支払_連携ファイル!$D6="","",MIDB(支払_連携ファイル!$D6,支払_連携ファイル_項目分割!G$3,支払_連携ファイル_項目分割!G$4)) -> 0000860001 | H9: =IF(支払_連携ファイル!$D6="","",MIDB(支払_連携ファイル!$D6,支払_連携ファイル_項目分割!H$3,支払_連携ファイル_項目分割!H$4)) | I9: =IF(支払_連携ファイル!$D6="","",MIDB(支払_連携ファイル!$D6,支払_連携ファイル_項目分割!I$3,支払_連携ファイル_項目分割!I$4)) | J9: =IF(支払_連携ファイル!$D6="","",MIDB(支払_連携ファイル!$D6,支払_連携ファイル_項目分割!J$3,支払_連携ファイル_項目分割!J$4)) | K9: =IF(支払_連携ファイル!$D6="","",MIDB(支払_連携ファイル!$D6,支払_連携ファイル_項目分割!K$3,支払_連携ファイル_項目分割!K$4)) -> 3 | ... AD9: =IF(支払_連携ファイル!$D6="","",MIDB(支払_連携ファイル!$D6,支払_連携ファイル_項目分割!AD$3,支払_連携ファイル_項目分割!AD$4)) -> 631854
B10: =ROW()-6 -> 4 | C10: =IF(支払_連携ファイル!C7="","",支払_連携ファイル!C7) -> No,34,35,39 | D10: =IF(支払_連携ファイル!$D7="","",MIDB(支払_連携ファイル!$D7,支払_連携ファイル_項目分割!D$3,支払_連携ファイル_項目分割!D$4)) -> S603132238 | E10: =IF(支払_連携ファイル!$D7="","",MIDB(支払_連携ファイル!$D7,支払_連携ファイル_項目分割!E$3,支払_連携ファイル_項目分割!E$4)) -> 000086 | F10: =IF(支払_連携ファイル!$D7="","",MIDB(支払_連携ファイル!$D7,支払_連携ファイル_項目分割!F$3,支払_連携ファイル_項目分割!F$4)) -> A140 | G10: =IF(支払_連携ファイル!$D7="","",MIDB(支払_連携ファイル!$D7,支払_連携ファイル_項目分割!G$3,支払_連携ファイル_項目分割!G$4)) -> 0000860001 | H10: =IF(支払_連携ファイル!$D7="","",MIDB(支払_連携ファイル!$D7,支払_連携ファイル_項目分割!H$3,支払_連携ファイル_項目分割!H$4)) | I10: =IF(支払_連携ファイル!$D7="","",MIDB(支払_連携ファイル!$D7,支払_連携ファイル_項目分割!I$3,支払_連携ファイル_項目分割!I$4)) | J10: =IF(支払_連携ファイル!$D7="","",MIDB(支払_連携ファイル!$D7,支払_連携ファイル_項目分割!J$3,支払_連携ファイル_項目分割!J$4)) | K10: =IF(支払_連携ファイル!$D7="","",MIDB(支払_連携ファイル!$D7,支払_連携ファイル_項目分割!K$3,支払_連携ファイル_項目分割!K$4)) -> 3 | ... AD10: =IF(支払_連携ファイル!$D7="","",MIDB(支払_連携ファイル!$D7,支払_連携ファイル_項目分割!AD$3,支払_連携ファイル_項目分割!AD$4)) -> 631854
B11: =ROW()-6 -> 5 | C11: =IF(支払_連携ファイル!C8="","",支払_連携ファイル!C8) -> No,34,35,39 | D11: =IF(支払_連携ファイル!$D8="","",MIDB(支払_連携ファイル!$D8,支払_連携ファイル_項目分割!D$3,支払_連携ファイル_項目分割!D$4)) -> S603132239 | E11: =IF(支払_連携ファイル!$D8="","",MIDB(支払_連携ファイル!$D8,支払_連携ファイル_項目分割!E$3,支払_連携ファイル_項目分割!E$4)) -> 000086 | F11: =IF(支払_連携ファイル!$D8="","",MIDB(支払_連携ファイル!$D8,支払_連携ファイル_項目分割!F$3,支払_連携ファイル_項目分割!F$4)) -> A140 | G11: =IF(支払_連携ファイル!$D8="","",MIDB(支払_連携ファイル!$D8,支払_連携ファイル_項目分割!G$3,支払_連携ファイル_項目分割!G$4)) -> 0000860001 | H11: =IF(支払_連携ファイル!$D8="","",MIDB(支払_連携ファイル!$D8,支払_連携ファイル_項目分割!H$3,支払_連携ファイル_項目分割!H$4)) | I11: =IF(支払_連携ファイル!$D8="","",MIDB(支払_連携ファイル!$D8,支払_連携ファイル_項目分割!I$3,支払_連携ファイル_項目分割!I$4)) | J11: =IF(支払_連携ファイル!$D8="","",MIDB(支払_連携ファイル!$D8,支払_連携ファイル_項目分割!J$3,支払_連携ファイル_項目分割!J$4)) | K11: =IF(支払_連携ファイル!$D8="","",MIDB(支払_連携ファイル!$D8,支払_連携ファイル_項目分割!K$3,支払_連携ファイル_項目分割!K$4)) -> 3 | ... AD11: =IF(支払_連携ファイル!$D8="","",MIDB(支払_連携ファイル!$D8,支払_連携ファイル_項目分割!AD$3,支払_連携ファイル_項目分割!AD$4)) -> 631854
B12: =ROW()-6 -> 6 | C12: =IF(支払_連携ファイル!C9="","",支払_連携ファイル!C9) -> No,34,35,39 | D12: =IF(支払_連携ファイル!$D9="","",MIDB(支払_連携ファイル!$D9,支払_連携ファイル_項目分割!D$3,支払_連携ファイル_項目分割!D$4)) -> S603132240 | E12: =IF(支払_連携ファイル!$D9="","",MIDB(支払_連携ファイル!$D9,支払_連携ファイル_項目分割!E$3,支払_連携ファイル_項目分割!E$4)) -> 000086 | F12: =IF(支払_連携ファイル!$D9="","",MIDB(支払_連携ファイル!$D9,支払_連携ファイル_項目分割!F$3,支払_連携ファイル_項目分割!F$4)) -> A140 | G12: =IF(支払_連携ファイル!$D9="","",MIDB(支払_連携ファイル!$D9,支払_連携ファイル_項目分割!G$3,支払_連携ファイル_項目分割!G$4)) -> 0000860001 | H12: =IF(支払_連携ファイル!$D9="","",MIDB(支払_連携ファイル!$D9,支払_連携ファイル_項目分割!H$3,支払_連携ファイル_項目分割!H$4)) | I12: =IF(支払_連携ファイル!$D9="","",MIDB(支払_連携ファイル!$D9,支払_連携ファイル_項目分割!I$3,支払_連携ファイル_項目分割!I$4)) | J12: =IF(支払_連携ファイル!$D9="","",MIDB(支払_連携ファイル!$D9,支払_連携ファイル_項目分割!J$3,支払_連携ファイル_項目分割!J$4)) | K12: =IF(支払_連携ファイル!$D9="","",MIDB(支払_連携ファイル!$D9,支払_連携ファイル_項目分割!K$3,支払_連携ファイル_項目分割!K$4)) -> 3 | ... AD12: =IF(支払_連携ファイル!$D9="","",MIDB(支払_連携ファイル!$D9,支払_連携ファイル_項目分割!AD$3,支払_連携ファイル_項目分割!AD$4)) -> 631854
B13: =ROW()-6 -> 7 | C13: =IF(支払_連携ファイル!C10="","",支払_連携ファイル!C10) -> No,34,35,39 | D13: =IF(支払_連携ファイル!$D10="","",MIDB(支払_連携ファイル!$D10,支払_連携ファイル_項目分割!D$3,支払_連携ファイル_項目分割!D$4)) -> S603132241 | E13: =IF(支払_連携ファイル!$D10="","",MIDB(支払_連携ファイル!$D10,支払_連携ファイル_項目分割!E$3,支払_連携ファイル_項目分割!E$4)) -> 000086 | F13: =IF(支払_連携ファイル!$D10="","",MIDB(支払_連携ファイル!$D10,支払_連携ファイル_項目分割!F$3,支払_連携ファイル_項目分割!F$4)) -> A140 | G13: =IF(支払_連携ファイル!$D10="","",MIDB(支払_連携ファイル!$D10,支払_連携ファイル_項目分割!G$3,支払_連携ファイル_項目分割!G$4)) -> 0000860001 | H13: =IF(支払_連携ファイル!$D10="","",MIDB(支払_連携ファイル!$D10,支払_連携ファイル_項目分割!H$3,支払_連携ファイル_項目分割!H$4)) | I13: =IF(支払_連携ファイル!$D10="","",MIDB(支払_連携ファイル!$D10,支払_連携ファイル_項目分割!I$3,支払_連携ファイル_項目分割!I$4)) | J13: =IF(支払_連携ファイル!$D10="","",MIDB(支払_連携ファイル!$D10,支払_連携ファイル_項目分割!J$3,支払_連携ファイル_項目分割!J$4)) | K13: =IF(支払_連携ファイル!$D10="","",MIDB(支払_連携ファイル!$D10,支払_連携ファイル_項目分割!K$3,支払_連携ファイル_項目分割!K$4)) -> 3 | ... AD13: =IF(支払_連携ファイル!$D10="","",MIDB(支払_連携ファイル!$D10,支払_連携ファイル_項目分割!AD$3,支払_連携ファイル_項目分割!AD$4)) -> 631854
B14: =ROW()-6 -> 8 | C14: =IF(支払_連携ファイル!C11="","",支払_連携ファイル!C11) | D14: =IF(支払_連携ファイル!$D11="","",MIDB(支払_連携ファイル!$D11,支払_連携ファイル_項目分割!D$3,支払_連携ファイル_項目分割!D$4)) | E14: =IF(支払_連携ファイル!$D11="","",MIDB(支払_連携ファイル!$D11,支払_連携ファイル_項目分割!E$3,支払_連携ファイル_項目分割!E$4)) | F14: =IF(支払_連携ファイル!$D11="","",MIDB(支払_連携ファイル!$D11,支払_連携ファイル_項目分割!F$3,支払_連携ファイル_項目分割!F$4)) | G14: =IF(支払_連携ファイル!$D11="","",MIDB(支払_連携ファイル!$D11,支払_連携ファイル_項目分割!G$3,支払_連携ファイル_項目分割!G$4)) | H14: =IF(支払_連携ファイル!$D11="","",MIDB(支払_連携ファイル!$D11,支払_連携ファイル_項目分割!H$3,支払_連携ファイル_項目分割!H$4)) | I14: =IF(支払_連携ファイル!$D11="","",MIDB(支払_連携ファイル!$D11,支払_連携ファイル_項目分割!I$3,支払_連携ファイル_項目分割!I$4)) | J14: =IF(支払_連携ファイル!$D11="","",MIDB(支払_連携ファイル!$D11,支払_連携ファイル_項目分割!J$3,支払_連携ファイル_項目分割!J$4)) | K14: =IF(支払_連携ファイル!$D11="","",MIDB(支払_連携ファイル!$D11,支払_連携ファイル_項目分割!K$3,支払_連携ファイル_項目分割!K$4)) | ... AD14: =IF(支払_連携ファイル!$D11="","",MIDB(支払_連携ファイル!$D11,支払_連携ファイル_項目分割!AD$3,支払_連携ファイル_項目分割!AD$4))
B15: =ROW()-6 -> 9 | C15: =IF(支払_連携ファイル!C12="","",支払_連携ファイル!C12) | D15: =IF(支払_連携ファイル!$D12="","",MIDB(支払_連携ファイル!$D12,支払_連携ファイル_項目分割!D$3,支払_連携ファイル_項目分割!D$4)) | E15: =IF(支払_連携ファイル!$D12="","",MIDB(支払_連携ファイル!$D12,支払_連携ファイル_項目分割!E$3,支払_連携ファイル_項目分割!E$4)) | F15: =IF(支払_連携ファイル!$D12="","",MIDB(支払_連携ファイル!$D12,支払_連携ファイル_項目分割!F$3,支払_連携ファイル_項目分割!F$4)) | G15: =IF(支払_連携ファイル!$D12="","",MIDB(支払_連携ファイル!$D12,支払_連携ファイル_項目分割!G$3,支払_連携ファイル_項目分割!G$4)) | H15: =IF(支払_連携ファイル!$D12="","",MIDB(支払_連携ファイル!$D12,支払_連携ファイル_項目分割!H$3,支払_連携ファイル_項目分割!H$4)) | I15: =IF(支払_連携ファイル!$D12="","",MIDB(支払_連携ファイル!$D12,支払_連携ファイル_項目分割!I$3,支払_連携ファイル_項目分割!I$4)) | J15: =IF(支払_連携ファイル!$D12="","",MIDB(支払_連携ファイル!$D12,支払_連携ファイル_項目分割!J$3,支払_連携ファイル_項目分割!J$4)) | K15: =IF(支払_連携ファイル!$D12="","",MIDB(支払_連携ファイル!$D12,支払_連携ファイル_項目分割!K$3,支払_連携ファイル_項目分割!K$4)) | ... AD15: =IF(支払_連携ファイル!$D12="","",MIDB(支払_連携ファイル!$D12,支払_連携ファイル_項目分割!AD$3,支払_連携ファイル_項目分割!AD$4))
B16: =ROW()-6 -> 10 | C16: =IF(支払_連携ファイル!C13="","",支払_連携ファイル!C13) | D16: =IF(支払_連携ファイル!$D13="","",MIDB(支払_連携ファイル!$D13,支払_連携ファイル_項目分割!D$3,支払_連携ファイル_項目分割!D$4)) | E16: =IF(支払_連携ファイル!$D13="","",MIDB(支払_連携ファイル!$D13,支払_連携ファイル_項目分割!E$3,支払_連携ファイル_項目分割!E$4)) | F16: =IF(支払_連携ファイル!$D13="","",MIDB(支払_連携ファイル!$D13,支払_連携ファイル_項目分割!F$3,支払_連携ファイル_項目分割!F$4)) | G16: =IF(支払_連携ファイル!$D13="","",MIDB(支払_連携ファイル!$D13,支払_連携ファイル_項目分割!G$3,支払_連携ファイル_項目分割!G$4)) | H16: =IF(支払_連携ファイル!$D13="","",MIDB(支払_連携ファイル!$D13,支払_連携ファイル_項目分割!H$3,支払_連携ファイル_項目分割!H$4)) | I16: =IF(支払_連携ファイル!$D13="","",MIDB(支払_連携ファイル!$D13,支払_連携ファイル_項目分割!I$3,支払_連携ファイル_項目分割!I$4)) | J16: =IF(支払_連携ファイル!$D13="","",MIDB(支払_連携ファイル!$D13,支払_連携ファイル_項目分割!J$3,支払_連携ファイル_項目分割!J$4)) | K16: =IF(支払_連携ファイル!$D13="","",MIDB(支払_連携ファイル!$D13,支払_連携ファイル_項目分割!K$3,支払_連携ファイル_項目分割!K$4)) | ... AD16: =IF(支払_連携ファイル!$D13="","",MIDB(支払_連携ファイル!$D13,支払_連携ファイル_項目分割!AD$3,支払_連携ファイル_項目分割!AD$4))
B17: =ROW()-6 -> 11 | C17: =IF(支払_連携ファイル!C14="","",支払_連携ファイル!C14) | D17: =IF(支払_連携ファイル!$D14="","",MIDB(支払_連携ファイル!$D14,支払_連携ファイル_項目分割!D$3,支払_連携ファイル_項目分割!D$4)) | E17: =IF(支払_連携ファイル!$D14="","",MIDB(支払_連携ファイル!$D14,支払_連携ファイル_項目分割!E$3,支払_連携ファイル_項目分割!E$4)) | F17: =IF(支払_連携ファイル!$D14="","",MIDB(支払_連携ファイル!$D14,支払_連携ファイル_項目分割!F$3,支払_連携ファイル_項目分割!F$4)) | G17: =IF(支払_連携ファイル!$D14="","",MIDB(支払_連携ファイル!$D14,支払_連携ファイル_項目分割!G$3,支払_連携ファイル_項目分割!G$4)) | H17: =IF(支払_連携ファイル!$D14="","",MIDB(支払_連携ファイル!$D14,支払_連携ファイル_項目分割!H$3,支払_連携ファイル_項目分割!H$4)) | I17: =IF(支払_連携ファイル!$D14="","",MIDB(支払_連携ファイル!$D14,支払_連携ファイル_項目分割!I$3,支払_連携ファイル_項目分割!I$4)) | J17: =IF(支払_連携ファイル!$D14="","",MIDB(支払_連携ファイル!$D14,支払_連携ファイル_項目分割!J$3,支払_連携ファイル_項目分割!J$4)) | K17: =IF(支払_連携ファイル!$D14="","",MIDB(支払_連携ファイル!$D14,支払_連携ファイル_項目分割!K$3,支払_連携ファイル_項目分割!K$4)) | ... AD17: =IF(支払_連携ファイル!$D14="","",MIDB(支払_連携ファイル!$D14,支払_連携ファイル_項目分割!AD$3,支払_連携ファイル_項目分割!AD$4))
B18: =ROW()-6 -> 12 | C18: =IF(支払_連携ファイル!C15="","",支払_連携ファイル!C15) | D18: =IF(支払_連携ファイル!$D15="","",MIDB(支払_連携ファイル!$D15,支払_連携ファイル_項目分割!D$3,支払_連携ファイル_項目分割!D$4)) | E18: =IF(支払_連携ファイル!$D15="","",MIDB(支払_連携ファイル!$D15,支払_連携ファイル_項目分割!E$3,支払_連携ファイル_項目分割!E$4)) | F18: =IF(支払_連携ファイル!$D15="","",MIDB(支払_連携ファイル!$D15,支払_連携ファイル_項目分割!F$3,支払_連携ファイル_項目分割!F$4)) | G18: =IF(支払_連携ファイル!$D15="","",MIDB(支払_連携ファイル!$D15,支払_連携ファイル_項目分割!G$3,支払_連携ファイル_項目分割!G$4)) | H18: =IF(支払_連携ファイル!$D15="","",MIDB(支払_連携ファイル!$D15,支払_連携ファイル_項目分割!H$3,支払_連携ファイル_項目分割!H$4)) | I18: =IF(支払_連携ファイル!$D15="","",MIDB(支払_連携ファイル!$D15,支払_連携ファイル_項目分割!I$3,支払_連携ファイル_項目分割!I$4)) | J18: =IF(支払_連携ファイル!$D15="","",MIDB(支払_連携ファイル!$D15,支払_連携ファイル_項目分割!J$3,支払_連携ファイル_項目分割!J$4)) | K18: =IF(支払_連携ファイル!$D15="","",MIDB(支払_連携ファイル!$D15,支払_連携ファイル_項目分割!K$3,支払_連携ファイル_項目分割!K$4)) | ... AD18: =IF(支払_連携ファイル!$D15="","",MIDB(支払_連携ファイル!$D15,支払_連携ファイル_項目分割!AD$3,支払_連携ファイル_項目分割!AD$4))
B19: =ROW()-6 -> 13 | C19: =IF(支払_連携ファイル!C16="","",支払_連携ファイル!C16) | D19: =IF(支払_連携ファイル!$D16="","",MIDB(支払_連携ファイル!$D16,支払_連携ファイル_項目分割!D$3,支払_連携ファイル_項目分割!D$4)) | E19: =IF(支払_連携ファイル!$D16="","",MIDB(支払_連携ファイル!$D16,支払_連携ファイル_項目分割!E$3,支払_連携ファイル_項目分割!E$4)) | F19: =IF(支払_連携ファイル!$D16="","",MIDB(支払_連携ファイル!$D16,支払_連携ファイル_項目分割!F$3,支払_連携ファイル_項目分割!F$4)) | G19: =IF(支払_連携ファイル!$D16="","",MIDB(支払_連携ファイル!$D16,支払_連携ファイル_項目分割!G$3,支払_連携ファイル_項目分割!G$4)) | H19: =IF(支払_連携ファイル!$D16="","",MIDB(支払_連携ファイル!$D16,支払_連携ファイル_項目分割!H$3,支払_連携ファイル_項目分割!H$4)) | I19: =IF(支払_連携ファイル!$D16="","",MIDB(支払_連携ファイル!$D16,支払_連携ファイル_項目分割!I$3,支払_連携ファイル_項目分割!I$4)) | J19: =IF(支払_連携ファイル!$D16="","",MIDB(支払_連携ファイル!$D16,支払_連携ファイル_項目分割!J$3,支払_連携ファイル_項目分割!J$4)) | K19: =IF(支払_連携ファイル!$D16="","",MIDB(支払_連携ファイル!$D16,支払_連携ファイル_項目分割!K$3,支払_連携ファイル_項目分割!K$4)) | ... AD19: =IF(支払_連携ファイル!$D16="","",MIDB(支払_連携ファイル!$D16,支払_連携ファイル_項目分割!AD$3,支払_連携ファイル_項目分割!AD$4))
... B49: =ROW()-6 -> 43 | C49: =IF(支払_連携ファイル!C46="","",支払_連携ファイル!C46) | D49: =IF(支払_連携ファイル!$D46="","",MIDB(支払_連携ファイル!$D46,支払_連携ファイル_項目分割!D$3,支払_連携ファイル_項目分割!D$4)) | E49: =IF(支払_連携ファイル!$D46="","",MIDB(支払_連携ファイル!$D46,支払_連携ファイル_項目分割!E$3,支払_連携ファイル_項目分割!E$4)) | F49: =IF(支払_連携ファイル!$D46="","",MIDB(支払_連携ファイル!$D46,支払_連携ファイル_項目分割!F$3,支払_連携ファイル_項目分割!F$4)) | G49: =IF(支払_連携ファイル!$D46="","",MIDB(支払_連携ファイル!$D46,支払_連携ファイル_項目分割!G$3,支払_連携ファイル_項目分割!G$4)) | H49: =IF(支払_連携ファイル!$D46="","",MIDB(支払_連携ファイル!$D46,支払_連携ファイル_項目分割!H$3,支払_連携ファイル_項目分割!H$4)) | I49: =IF(支払_連携ファイル!$D46="","",MIDB(支払_連携ファイル!$D46,支払_連携ファイル_項目分割!I$3,支払_連携ファイル_項目分割!I$4)) | J49: =IF(支払_連携ファイル!$D46="","",MIDB(支払_連携ファイル!$D46,支払_連携ファイル_項目分割!J$3,支払_連携ファイル_項目分割!J$4)) | K49: =IF(支払_連携ファイル!$D46="","",MIDB(支払_連携ファイル!$D46,支払_連携ファイル_項目分割!K$3,支払_連携ファイル_項目分割!K$4)) | ... AD49: =IF(支払_連携ファイル!$D46="","",MIDB(支払_連携ファイル!$D46,支払_連携ファイル_項目分割!AD$3,支払_連携ファイル_項目分割!AD$4))
